name,s,betx,bety,alfx,alfy,dx,dy,mux,muy
D199A,0.0,29.515618000000003,45.17494600000001,2.664132,-3.5821600000000005,-0.0,-0.0,0.0,0.0
Q19851_1,3.2062,15.252375065534647,71.29267969254425,1.7845121689430994,-4.563848886702084,0.0,0.0,0.024142536445021623,0.008996441360425544
BPM19851,3.259599999999989,15.140318061797974,71.41410866017749,0.31752159066316954,2.293788924272281,0.0,0.0,0.02470229069025509,0.009115449173106915
Q19851_2,3.259599999999989,15.140318061797974,71.41410866017749,0.31752159066316954,2.293788924272281,0.0,0.0,0.02470229069025509,0.009115449173106915
D199B1,3.3129999999999997,15.184320205224966,70.80440071117211,-1.1429406889275462,9.104427092786073,0.0,0.0,0.02526329792428672,0.009234866629718952
XC19900,4.040699999999999,16.928187871688376,58.18123665767504,-1.2534694614962816,8.242232318368314,0.0,0.0,0.03248964515888042,0.011039380447191105
D199B2,4.040699999999999,16.928187871688376,58.18123665767504,-1.2534694614962816,8.242232318368314,0.0,0.0,0.03248964515888042,0.011039380447191105
YC19900,4.383699999999999,17.80593737337273,52.66645837922913,-1.305566986563035,7.83583846427282,0.0,0.0,0.035634168709018366,0.01202556568991453
D199B3,4.383699999999999,17.80593737337273,52.66645837922913,-1.305566986563035,7.83583846427282,0.0,0.0,0.035634168709018366,0.01202556568991453
Q19871_1,5.399699999999999,20.615636612037637,37.967073961672824,-1.4598850199969167,6.632059584503077,0.0,0.0,0.04407794654534036,0.015642000087742414
BPM19871,5.4530999999999885,20.697536511268055,37.39720107004547,-0.07198137522110001,4.052511392538459,0.0,0.0,0.044489137682103275,0.015867683053829573
Q19871_2,5.4530999999999885,20.697536511268055,37.39720107004547,-0.07198137522110001,4.052511392538459,0.0,0.0,0.044489137682103275,0.015867683053829573
D199C,5.506499999999999,20.630974985949702,37.09938002827587,1.3169568246135355,1.5313479311713025,0.0,0.0,0.0449001759373342,0.0160959899461256
IM1988,10.077383999999999,11.360762035895966,24.98394607723914,0.7111438557042622,1.11921899440299,0.0,0.0,0.09315389543969643,0.04008165218782944
D199D,10.077383999999999,11.360762035895966,24.98394607723914,0.7111438557042622,1.11921899440299,0.0,0.0,0.09315389543969643,0.04008165218782944
LI19TERM,10.385874683414002,10.93461264616666,24.301989399588873,0.6702573101695501,1.0914042571752798,0.0,0.0,0.0975595680118515,0.04207426124352176
ENDL3F_2,10.385874683414002,10.93461264616666,24.301989399588873,0.6702573101695501,1.0914042571752798,0.0,0.0,0.0975595680118515,0.04207426124352176
BEGBC20,10.385874683414002,10.93461264616666,24.301989399588873,0.6702573101695501,1.0914042571752798,0.0,0.0,0.0975595680118515,0.04207426124352176
B1LE,10.385874683414002,10.93461264616666,24.301989399588873,0.6702573101695501,1.0914042571752798,0.0,0.0,0.0975595680118515,0.04207426124352176
CB1LE,11.448897284845948,9.659481062963856,22.07169500324123,0.529378564876771,1.006129131831869,0.012004681933634296,-0.0,0.11404971085079296,0.04938189007580318
D1ET1A,11.448897284845948,9.659481062963856,22.07169500324123,0.529378564876771,1.006129131831869,0.012004681933634296,-0.0,0.11404971085079296,0.04938189007580318
XC1996,14.269910284845949,7.727460527984927,17.12063656057253,0.15548908195042468,0.7489348975323017,0.07572532897931378,-0.0,0.16698773691154878,0.07256030280372527
D1ET1B,14.269910284845949,7.727460527984927,17.12063656057253,0.15548908195042468,0.7489348975323017,0.07572532897931378,-0.0,0.16698773691154878,0.07256030280372527
IM2040,15.314870988461527,7.547223741231471,15.654974876839677,0.016992798114377507,0.6536649118783728,0.09932875518532315,-0.0,0.18883377560668113,0.08272581535433177
DTPM,15.314870988461527,7.547223741231471,15.654974876839677,0.016992798114377507,0.6536649118783728,0.09932875518532315,-0.0,0.18883377560668113,0.08272581535433177
PMON,15.919810988461528,7.575166842903769,14.897482975489293,-0.06318432400503987,0.5985120004606727,0.1129930552873834,-0.0,0.20158075043104873,0.08903195291564237
DPMM1,15.919810988461528,7.575166842903769,14.897482975489293,-0.06318432400503987,0.5985120004606727,0.1129930552873834,-0.0,0.20158075043104873,0.08903195291564237
M1E,16.25900298846153,7.6332786559686925,14.501951330751915,-0.10813992027232149,0.5675875677407458,0.12065467673780499,0.0,0.20868238297688968,0.09270506867767792
DM1Q,16.25900298846153,7.6332786559686925,14.501951330751915,-0.10813992027232149,0.5675875677407458,0.12065467673780499,0.0,0.20868238297688968,0.09270506867767792
Q1EL,16.412285988461527,7.669544732807666,14.330090402079142,-0.12845563721917694,0.5536126219265506,0.12411701170084942,0.0,0.21187100342189258,0.09439739699149641
D2EA,17.00848598846153,5.83061571925824,18.11629192920753,2.910530467672864,-7.503175729060788,0.11947627155605102,0.0,0.2254047044231534,0.1005752513579371
CN2069,17.92628498846153,1.8563639543535242,34.55328056336795,1.419667936231164,-10.40596192979526,0.08480212054020338,0.0,0.2704013453058023,0.10641488852265912
DCNHC,17.92628498846153,1.8563639543535242,34.55328056336795,1.419667936231164,-10.40596192979526,0.08480212054020338,0.0,0.2704013453058023,0.10641488852265912
CX2085,18.34349198846153,0.9545170197374404,43.78667776464952,0.7419615057870295,-11.725491284751877,0.06904017427215475,0.0,0.32113890456989336,0.10812200991644949
DHCYC1A,18.34349198846153,0.9545170197374404,43.78667776464952,0.7419615057870295,-11.725491284751877,0.06904017427215475,0.0,0.32113890456989336,0.10812200991644949
SQ1,19.00929198846153,0.6865958606395617,60.80236467891,-0.3395566408157488,-13.831262867036235,0.04388646442244763,-0.0,0.4748312722540482,0.11017574651582662
DHCYC1B,19.39059198846153,1.1817111572445953,71.80991974185139,-0.9589361381116926,-15.037226676476084,0.029481073065143144,-1.4464397758344644e-18,0.5443975588147434,0.11109415712434634
DYC1E::0,19.89828598846153,2.5740948444035703,87.89375307862339,-1.7836286492582094,-16.642945507500844,0.01030055704165679,-1.446439880823123e-18,0.5914072730944002,0.11211123426440917
YC1E,20.02828598846153,3.0652904660517795,92.27436970621874,-1.9947992095741627,-17.05410547400272,0.005389198855321662,-1.4464399077064927e-18,0.5987756282213839,0.11234097821588562
DYC1E::1,20.02828598846153,3.0652904660517795,92.27436970621874,-1.9947992095741627,-17.05410547400272,0.005389198855321662,-1.4464399077064927e-18,0.5987756282213839,0.11234097821588562
DYC1XC1,20.15828598846153,3.611390433382136,96.76188792510452,-2.205969769890115,-17.465265440504595,0.00047784066898653527,-1.4464399345898626e-18,0.6049957803985957,0.11255994130458535
DXC1E::0,20.27228598846153,4.135462099392974,100.78507179111402,-2.39115010739795,-17.825821103437065,-0.0038290426636458062,-1.44643995816451e-18,0.6096913550018837,0.11274366907637179
XC1E,20.40228598846153,4.784613300157517,105.47323607365273,-2.602320667713903,-18.236981069938935,-0.008740400849980933,-1.4464399850478801e-18,0.6143433568873387,0.11294434457869973
DXC1E::1,20.40228598846153,4.784613300157517,105.47323607365273,-2.602320667713903,-18.236981069938935,-0.008740400849980933,-1.4464399850478801e-18,0.6143433568873387,0.11294434457869973
DXC1B,20.532285988461528,5.488668846604204,110.26830194748192,-2.8134912280298554,-18.64814103644081,-0.013651759036316059,-1.4464400119312502e-18,0.618381234390279,0.1131361969229484
B2LE_1,20.799835988461528,7.110446639238544,120.47332271538934,-3.2480964850493415,-19.494339875191493,-0.023759711980577317,-1.4464400672592934e-18,0.6251995324873281,0.11350564608791625
XCB2LE,21.712285988461478,14.392631718641596,158.6073414743342,-4.7300044474393665,-22.33419022106044,-0.06571727459716602,-1.4460509689305336e-18,0.6395736686944773,0.11455621676245598
B2LE_2,21.712285988461478,14.392631718641596,158.6073414743342,-4.7300044474393665,-22.33419022106044,-0.06571727459716602,-1.4460509689305336e-18,0.6395736686944773,0.11455621676245598
CB2LE,22.624735988461527,24.370919969637285,201.98865016603196,-6.211912638872854,-25.14999696884341,-0.12262484055002246,-1.4456618704341242e-18,0.6473303438045839,0.11536756250545477
MSEP1E,22.624735988461527,24.370919969637285,201.98865016603196,-6.211912638872854,-25.14999696884341,-0.12262484055002246,-1.4456618704341242e-18,0.6473303438045839,0.11536756250545477
D3E::0,22.624735988461527,24.370919969637285,201.98865016603196,-6.211912638872854,-25.14999696884341,-0.12262484055002246,-1.4456618704341242e-18,0.6473303438045839,0.11536756250545477
Q2EL,22.818335988461527,26.837056209177618,211.8442852300455,-6.52639438354622,-25.75720894031581,-0.13629126724390248,-1.4454967602161318e-18,0.6485351750812653,0.11551651702606658
D4EA1,23.818335988461527,60.63914325163094,167.79965663069078,-32.33229034618611,62.79354026992503,-0.24519668955482005,-1.1231638514504284e-18,0.6527921304445519,0.11629709057698301
S1EL_1,24.011991988461528,73.80896549869182,144.36044181585632,-35.67397977743853,58.241773971995336,-0.2753197834021815,-1.0033341391865868e-18,0.6532528329857801,0.11649512084064872
AS1EL,24.136991988461528,82.99708233702077,130.16725442739798,-37.83095492936351,55.30372513543705,-0.2947634708229671,-9.259871353033745e-19,0.6535070147310489,0.11664025018434476
S1EL_2,24.136991988461528,82.99708233702077,130.16725442739798,-37.83095492936351,55.30372513543705,-0.2947634708229671,-9.259871353033745e-19,0.6535070147310489,0.11664025018434476
D4EB1,24.261991988461528,92.72444296349408,116.70857924830064,-39.987930083002,52.36567629750642,-0.3142071582463964,-8.48640159429208e-19,0.6537337931704532,0.1168016592619674
M3E,24.51240398846153,113.83340325725834,91.95646210029327,-44.308989768138964,46.47989479336668,-0.3531586194898217,-6.936913007562086e-19,0.654121714555731,0.11718636899443435
DM3Q,24.51240398846153,113.83340325725834,91.95646210029327,-44.308989768138964,46.47989479336668,-0.3531586194898217,-6.936913007562086e-19,0.654121714555731,0.11718636899443435
Q3EL_1,24.669585988461527,128.18887946612742,77.92556018930523,-47.021291109245524,42.7854276416979,-0.3776082009043069,-5.964308998810931e-19,0.6543288064158523,0.1174818925465041
DQ3E::0,25.383785988461526,165.45527919466448,39.5784596229418,-0.9866563627255679,15.06618695874529,-0.44069003289066055,-2.08692180736014e-19,0.6550789693710504,0.11961020362120423
Q3EL_2,25.613185988461524,165.90858481823173,32.969233375551546,-0.989392563025137,13.744738269634443,-0.44473036320999415,-9.66771392229035e-20,0.6552993325049874,0.12062092766283039
D5EA1,26.327385988461522,130.94230598578298,21.688082526733655,46.034239656021605,3.274352652919883,-0.4053608338638488,2.543097084961501e-19,0.6560405516767724,0.1250415397962754
MS2EL,26.56826098846152,109.70475375888678,20.14202062241276,42.13411416607128,3.144171080638536,-0.37508682101664936,3.780813416945645e-19,0.6563604113106052,0.12687579338227528
S2EL_1,26.56826098846152,109.70475375888678,20.14202062241276,42.13411416607128,3.144171080638536,-0.37508682101664936,3.780813416945645e-19,0.6563604113106052,0.12687579338227528
AS2EL,26.94926098846155,79.9489318431752,17.824614931710872,35.96515596265241,2.9382585536562003,-0.32720140784309704,5.738552285737415e-19,0.6570078926388159,0.13007625616329221
S2EL_2,26.94926098846155,79.9489318431752,17.824614931710872,35.96515596265241,2.9382585536562003,-0.32720140784309704,5.738552285737415e-19,0.6570078926388159,0.13007625616329221
D5EB1,27.33026098846152,54.893856081581085,15.664114586039531,29.796197744795634,2.7323460280790917,-0.2793159946450116,7.696294667811955e-19,0.6579232260158439,0.13370553003852903
DXC2E::0,27.549146988461523,42.62566685957041,14.493863679212906,26.252106952675902,2.6140484732897327,-0.251805636231461,8.821026372656544e-19,0.6586434078055519,0.13601763944608236
XC2E,27.67914698846152,36.07375525696229,13.823344728725308,24.147213067385927,2.543789607384117,-0.23546678133091187,9.489023054170201e-19,0.6591710420922001,0.13747938214794386
DXC2E::1,27.67914698846152,36.07375525696229,13.823344728725308,24.147213067385927,2.543789607384117,-0.23546678133091187,9.489023054170201e-19,0.6591710420922001,0.13747938214794386
D5EC1A,27.80914698846152,30.069116064529663,13.171093083373167,22.042319182096,2.473530741478502,-0.21912792643036277,1.0157019735683823e-18,0.6597992575288032,0.1390127724916541
YC2181,28.554202988461522,6.2116253406103565,9.785265163660744,9.978751346722348,2.070863129200239,-0.12548668122433576,1.3985442316774878e-18,0.6684800914552667,0.14946536668608124
D5EC1B,28.554202988461522,6.2116253406103565,9.785265163660744,9.978751346722348,2.070863129200239,-0.12548668122433576,1.3985442316774878e-18,0.6684800914552667,0.14946536668608124
S3EL_1,29.283735988461522,0.269378157202307,7.051378112451353,-1.8334759672562353,1.6765849659639211,-0.033796420976933535,1.773410095565719e-18,1.07311548461732,0.16346129370924156
DS3E::0,29.533735988461522,2.1980843549096796,6.2468639303736975,-5.881348823577146,1.5414717622913998,-0.002375546168179975,1.901871007385152e-18,1.1257791632871756,0.16945775273704766
Q4EL_1,29.77343598846152,5.94790276949847,5.538934673090812,-9.76244931822005,1.4119252226184236,0.027750788598458,2.025039340691005e-18,1.1363376741159565,0.17594505730428134
DQ4E::0,30.48763598846152,23.381138433554128,5.14456375965409,-12.297658693555054,-0.8085635967637723,0.10949779869745924,2.703223267915941e-18,1.145533012856317,0.19833214067464633
Q4EL_2,30.717035988461518,29.36593653680393,5.532449401683535,-13.791260675450273,-0.8823066823532419,0.13193462266509934,3.0312459910460635e-18,1.1469263760634507,0.2051777870924908
DQ4E::1,31.431235988461516,41.008271835442784,8.945313961479503,-0.9410115857924232,-4.33915220181118,0.18028877636841667,4.540912319341215e-18,1.150049657059092,0.22214138269767558
Q4EL_3,31.660635988461515,41.44242754524543,11.052764494569495,-0.9515590759453822,-4.847641752373632,0.18817784034938784,5.205478586503471e-18,1.1509352975403835,0.2258135192832521
DM4Q,32.37483598846152,31.909323824923515,24.0399038402176,13.014798615083828,-15.021829458130448,0.1855688601480127,8.128345043126032e-18,1.153915768093608,0.23312327219135698
M4E,32.61453598846152,25.976825431692923,31.783081980183322,11.73488179055097,-17.28179231894799,0.1756158586625739,9.441978625177233e-18,1.1552408457912686,0.23450343157247644
D6EA1,32.61453598846152,25.976825431692923,31.783081980183322,11.73488179055097,-17.28179231894799,0.1756158586625739,9.441978625177233e-18,1.1552408457912686,0.23450343157247644
S3EL_2,32.61453598846152,25.976825431692923,31.783081980183322,11.73488179055097,-17.28179231894799,0.1756158586625739,9.441978625177233e-18,1.1552408457912686,0.23450343157247644
D6EB1,32.86453598846152,20.443113370913863,41.0132467194204,10.39996645196808,-19.638866637735635,0.16523517292691575,1.0812059011010724e-17,1.1569674870051327,0.2356054872379595
DYC2E::0,33.05211374206481,16.729386874790183,48.71261423392477,9.39836477220151,-21.407405463313466,0.15744643008392495,1.1840045017507315e-17,1.1585818283826834,0.23627340030953736
YC2E,33.12011374206481,15.475899859821888,51.66761782359489,9.03526780086145,-22.04852967889412,0.1546228835644188,1.2212706738308202e-17,1.159254436910648,0.23648912469448624
DYC2E::1,33.12011374206481,15.475899859821888,51.66761782359489,9.03526780086145,-22.04852967889412,0.1546228835644188,1.2212706738308202e-17,1.159254436910648,0.23648912469448624
D6EC1,33.18811374206481,14.271794032955858,54.70981430658399,8.672170829521399,-22.68965389447477,0.15179933704491258,1.2585368459109088e-17,1.1599826581133155,0.2366926822951212
Q5EL,33.344541492064806,11.68931728797123,62.039104370162,7.836899619836996,-24.164501225560006,0.14530402779393192,1.3442642495815123e-17,1.1619102304696303,0.237120017893097
DM5Q,33.7729414920648,6.183746377518999,82.20039895350654,5.142929212395737,-22.42542120914721,0.1296132279114437,1.557739216612325e-17,1.1699734028234758,0.23807002562905932
M5E,33.7729414920648,6.183746377518999,82.20039895350654,5.142929212395737,-22.42542120914721,0.1296132279114437,1.557739216612325e-17,1.1699734028234758,0.23807002562905932
D7E1,33.7729414920648,6.183746377518999,82.20039895350654,5.142929212395737,-22.42542120914721,0.1296132279114437,1.557739216612325e-17,1.1699734028234758,0.23807002562905932
B3LE_1,34.002241492064805,4.058595559082873,92.80701034503916,4.125063890247643,-23.831061091474695,0.12229546883415698,1.6600273166700705e-17,1.1772606285213687,0.23848785342811096
XCB3LE,34.26659149206484,2.187960802063938,105.82969500697031,2.951631668433014,-25.441148332122786,0.11453628967792051,1.7779074639939166e-17,1.1913977553231465,0.2389123808983976
B3LE_2,34.26659149206484,2.187960802063938,105.82969500697031,2.951631668433014,-25.441148332122786,0.11453628967792051,1.7779074639939166e-17,1.1913977553231465,0.2389123808983976
CB3LE,34.53094149206476,0.9375945802961518,119.70848059137845,1.7781994173155338,-27.048577722751393,0.10812514584588076,1.8957876113047995e-17,1.220941619073235,0.2392861760071039
D8EM,34.53094149206476,0.9375945802961518,119.70848059137845,1.7781994173155338,-27.048577722751393,0.10812514584588076,1.8957876113047995e-17,1.220941619073235,0.2392861760071039
M6E,34.73609649206476,0.3948132434443133,131.0643679846692,0.8675140035215825,-28.30414287041391,0.10367495211097011,1.9872328303338872e-17,1.275680385168431,0.2395468499696245
DM6Q,34.73609649206476,0.3948132434443133,131.0643679846692,0.8675140035215825,-28.30414287041391,0.10367495211097011,1.9872328303338872e-17,1.275680385168431,0.2395468499696245
Q6E_1,34.77273949206476,0.33719691492975123,133.1468828892003,0.7048553034282296,-28.528400986013327,0.10288009724987324,2.0035659792256186e-17,1.291690934948519,0.23959099718743226
MCE,34.92773949206479,0.23294286225692512,137.58889490517097,-0.02485260413162182,0.18677276321797887,0.10120461571365323,2.0392471198912834e-17,1.3855430125259132,0.2397722559889015
Q6E_2,34.92773949206479,0.23294286225692512,137.58889490517097,-0.02485260413162182,0.18677276321797887,0.10120461571365323,2.0392471198912834e-17,1.3855430125259132,0.2397722559889015
D8E,35.08273949206476,0.35294739099453015,133.033619188822,-0.7578834274882489,28.877518450079364,0.10288421680770435,2.007695734777126e-17,1.477003777902994,0.23995359193509413
B3RE_1,35.32453749206476,0.9802564370814263,119.43549762287017,-1.8364682465822404,27.360008601227246,0.10813576252539403,1.9062885798068558e-17,1.544428186349133,0.24025889115001464
XCB3RE,35.58888749206477,2.262945349948123,105.40296871845285,-3.0156298921639286,25.711334437485014,0.11455400956155784,1.795373601068056e-17,1.572826835540143,0.24063386995002423
B3RE_2,35.58888749206477,2.262945349948123,105.40296871845285,-3.0156298921639286,25.711334437485014,0.11455400956155784,1.795373601068056e-17,1.572826835540143,0.24063386995002423
CB3RE,35.85323749206481,4.168927959123138,92.24833258872607,-4.194791507688521,24.05997419724077,0.12232029145951774,1.684458622317012e-17,1.5865415239037746,0.2410605420865768
D7E2,35.85323749206481,4.168927959123138,92.24833258872607,-4.194791507688521,24.05997419724077,0.12232029145951774,1.684458622317012e-17,1.5865415239037746,0.2410605420865768
M7E,36.08253749206481,6.327195443614685,81.54494213334159,-5.2176266540713865,22.618571181670973,0.1296442118405302,1.5882116300246776e-17,1.5936495784464975,0.2414813141671247
DM7Q,36.08253749206481,6.327195443614685,81.54494213334159,-5.2176266540713865,22.618571181670973,0.1296442118405302,1.5882116300246776e-17,1.5936495784464975,0.2414813141671247
Q5ER,36.08253749206481,6.327195443614685,81.54494213334159,-5.2176266540713865,22.618571181670973,0.1296442118405302,1.5882116300246776e-17,1.5936495784464975,0.2414813141671247
D6EC2,36.510937492064805,11.906423560707596,61.26927041867158,-7.935855001820631,24.235660752345805,0.14534704681959199,1.3855105507080084e-17,1.6015476766954015,0.24244110599699464
DYC3E::0,36.697258242064805,15.05019179037173,52.571428759530015,-8.937028075690193,22.446427308922523,0.15308908382058187,1.2878401973743695e-17,1.603762982563068,0.24296360551111362
YC3E,36.7652582420648,16.290474139680374,49.56311880040746,-9.302418237672306,21.793425031115127,0.15591463339607098,1.2521942265059214e-17,1.6044541647387023,0.24317562460261954
DYC3E::1,36.7652582420648,16.290474139680374,49.56311880040746,-9.302418237672306,21.793425031115127,0.15591463339607098,1.2521942265059214e-17,1.6044541647387023,0.24317562460261954
D6EB2,36.8332582420648,17.580449551018603,46.64361715106671,-9.667808399654435,21.140422753307725,0.15874018297156006,1.2165482556374733e-17,1.6050936762444743,0.24340071333980817
S3ER_1,36.99094299566809,20.762987947223614,40.215345431516546,-10.515109247613516,19.626180058036415,0.1652923313333967,1.1338890477942158e-17,1.606407251177015,0.24398016709567538
D6EA2,37.24094299566809,26.356379120647304,31.002441319435555,-11.858455433295347,17.225436389911472,0.17568038124380486,1.0028376287980623e-17,1.6081081583339678,0.2451070269840966
M8E,37.24094299566809,26.356379120647304,31.002441319435555,-11.858455433295347,17.225436389911472,0.17568038124380486,1.0028376287980623e-17,1.6081081583339678,0.2451070269840966
DM8Q,37.24094299566809,26.356379120647304,31.002441319435555,-11.858455433295347,17.225436389911472,0.17568038124380486,1.0028376287980623e-17,1.6081081583339678,0.2451070269840966
Q4ER_1,37.48064299566809,32.35005633236606,23.29631649124939,-13.146455754517605,14.923603360552315,0.18564044349840444,8.771854750423192e-18,1.6094146680681547,0.24652658239055103
DQ4E::2,38.1948429956681,41.93981835912111,10.344085861987066,1.011520496709049,4.892459803979319,0.1882595816900595,6.120611885023922e-18,1.612357156698431,0.2542025036884068
Q4ER_2,38.424242995668095,41.47827135043955,8.2262851959159,1.0004542577876703,4.339452428240244,0.18037013104933644,5.579977220775707e-18,1.6132325276645654,0.2581608189381187
DQ4E::3,39.1384429956681,29.646204308206663,4.69796804995031,13.971905548739471,1.0586413387896072,0.1320035772878665,4.625287933630358e-18,1.6163233445140062,0.27736737719528237
Q4ER_3,39.3678429956681,23.584189685235724,4.236018697418785,12.453615911465114,0.9550873121760569,0.10955936313473436,4.538224902907919e-18,1.617704122851853,0.2855552515910862
DS3E::1,40.082042995668104,5.96554956804528,4.16948459222534,9.841103869509572,-0.8532944960313054,0.027781900696175577,4.9122200548230105e-18,1.6268461811828372,0.31404930643611606
S3ER_2,40.3217429956681,2.190122834136543,4.602367595547231,5.909529146380036,-0.9526421052281503,-0.002356668137594326,5.26013063073777e-18,1.6374082142842474,0.32276241828325747
D5EC2A,40.5717429956681,0.260487256336885,5.1045928016170725,1.8090131648104018,-1.0562587190092005,-0.03379030271595292,5.62299108490854e-18,1.6910992340517659,0.33097503750064283
YC2321,41.4620979956681,10.04160079101596,7.314044097545753,-12.794646462404142,-1.4252809993376183,-0.1457386775758633,6.915289665913081e-18,2.0983150871606098,0.35424914225154747
D5EC2B,41.4620979956681,10.04160079101596,7.314044097545753,-12.794646462404142,-1.4252809993376183,-0.1457386775758633,6.915289665913081e-18,2.0983150871606098,0.35424914225154747
DXC3E::0,42.047192995668105,30.62878769951233,9.123780524328108,-22.39141205543729,-1.6677832496857998,-0.21930532727026525,7.76452108287917e-18,2.1036258968373596,0.365658267326871
XC3E,42.17719299566811,36.72774971428266,9.56440865233187,-24.523680365872885,-1.721663888804684,-0.2356508172509902,7.953208533986416e-18,2.104242779418767,0.3678732025333513
DXC3E::1,42.17719299566811,36.72774971428266,9.56440865233187,-24.523680365872885,-1.721663888804684,-0.2356508172509902,7.953208533986416e-18,2.104242779418767,0.3678732025333513
D5EB2,42.30719299566811,43.381101489766394,10.019045746506546,-26.655948676308576,-1.7755445279235686,-0.2519963072317151,8.14189598509366e-18,2.1047611219009634,0.36998685708202417
MS2ER,42.52839299566811,55.976236986929514,10.824826257190155,-30.284085216834335,-1.8672245077166245,-0.27980878710661017,8.462954940362292e-18,2.1054755434990335,0.373367616512272
S2ER_1,42.52839299566811,55.976236986929514,10.824826257190155,-30.284085216834335,-1.8672245077166245,-0.27980878710661017,8.462954940362292e-18,2.1054755434990335,0.373367616512272
AS2ER,42.90939299566814,81.43364986663128,12.307815697003177,-36.53327154544382,-2.0251362272592925,-0.32771364620119353,9.015955481725256e-18,2.10637368261724,0.378622015456892
S2ER_2,42.90939299566814,81.43364986663128,12.307815697003177,-36.53327154544382,-2.0251362272592925,-0.32771364620119353,9.015955481725256e-18,2.10637368261724,0.378622015456892
D5EA2,43.290392995668114,111.65294265568545,13.911133867015756,-42.782457844791686,-2.183047946878906,-0.3756185052894494,9.568958620417865e-18,2.1070096124893167,0.3832568553564082
Q3ER_1,43.52809299566811,132.9184608836959,14.972372750329098,-46.68122843207521,-2.281566623223516,-0.40550560503862676,9.913969608425419e-18,2.107320155565179,0.38587831013531104
DQ3E::1,44.242292995668116,168.33855381256558,22.818268425668286,1.0517613204627139,-9.55499275417951,-0.44489341807903215,1.218502396719609e-17,2.108050514879629,0.3922745070534188
Q3ER_2,44.471692995668114,167.8566641390647,27.41496000367834,1.048891135949226,-10.482895554495432,-0.440852892834465,1.3339561543374613e-17,2.1082677112633608,0.39373427722028254
DM9Q,45.18589299566812,129.99141180779,54.085323383868406,47.73052029565211,-29.75283441560632,-0.3777516331567892,1.8682541754499325e-17,2.1090073070606223,0.39680389974752683
M9E,45.37178799566812,112.85158547573185,65.71337289236706,44.471132960526155,-32.79887223868061,-0.3488260031861933,2.0582837931834962e-17,2.109251580837937,0.3973001742347767
D4EB2,45.37178799566812,112.85158547573185,65.71337289236706,44.471132960526155,-32.79887223868061,-0.3488260031861933,2.0582837931834962e-17,2.109251580837937,0.3973001742347767
S1ER_1,45.58434299566812,94.73861850744558,80.39680570492098,40.74430289507202,-36.2817554226478,-0.31575202444335443,2.2755663741962053e-17,2.109578751540627,0.3977655950469662
AS1ER,45.70934299566812,84.82650352938319,89.72327265235782,38.55261718892099,-38.32998011018365,-0.2963017770118768,2.4033465444630613e-17,2.1098006738578907,0.3979998335864382
S1ER_2,45.70934299566812,84.82650352938319,89.72327265235782,38.55261718892099,-38.32998011018365,-0.2963017770118768,2.4033465444630613e-17,2.1098006738578907,0.3979998335864382
D4EA2,45.83434299566812,75.46230997008043,99.56179577273522,36.36093147913602,-40.37820479812205,-0.276851529580898,2.5311266349182525e-17,2.1100493301713894,0.3982103235328669
DMQ,45.937142995668125,68.17179353022951,108.0367171653175,34.5584891419818,-42.0626647795225,-0.26085564609385004,2.6362129486963953e-17,2.110277441044803,0.39836807785514294
Q2ER,46.03714299566813,61.4354305595332,116.61310809606593,32.80514056498365,-43.70124452796622,-0.24529544814925092,2.738436989336611e-17,2.1105233693355294,0.3985098728215777
D3E::1,47.03714299566813,27.119738049636403,147.35601104839597,6.643982054272436,17.850093638864063,-0.1363571349711859,3.074539529493923e-17,2.114730535450782,0.39963256833944816
MSEP2E,47.23074299566812,24.609577596726137,140.52575370382394,6.3217227644790395,17.430161240122207,-0.1226876460431857,3.00171849901444e-17,2.1159232450778953,0.39984669153971575
B2RE_1,47.23074299566812,24.609577596726137,140.52575370382394,6.3217227644790395,17.430161240122207,-0.1226876460431857,3.00171849901444e-17,2.1159232450778953,0.39984669153971575
XCB2RE,48.14319299566813,14.46438696739331,110.45627640508175,4.803165048119762,15.483047140654982,-0.06576565667475452,2.6577001517497066e-17,2.12362300278825,0.40101231942533366
B2RE_2,48.14319299566813,14.46438696739331,110.45627640508175,4.803165048119762,15.483047140654982,-0.06576565667475452,2.6577001517497066e-17,2.12362300278825,0.40101231942533366
CB2RE,49.05564299566811,7.082130608882822,84.01572826249374,3.2846075642959796,13.519264957011734,-0.023793657637297426,2.3136818047130478e-17,2.1379900572872117,0.40251982943211173
DB2XC4,49.05564299566811,7.082130608882822,84.01572826249374,3.2846075642959796,13.519264957011734,-0.023793657637297426,2.3136818047130478e-17,2.1379900572872117,0.40251982943211173
DXC4E::0,49.31964299566811,5.463871141478789,77.03000485041852,2.845163145567793,12.941808573576203,-0.013815646786833842,2.2139664953804132e-17,2.1447465657367135,0.40304212287949837
XC4E,49.449642995668114,4.752259824678534,73.70210057916772,2.628770060588003,12.657455051429922,-0.008902232352893441,2.1648642597241937e-17,2.148807353511919,0.4033167186248482
DXC4E::1,49.449642995668114,4.752259824678534,73.70210057916772,2.628770060588003,12.657455051429922,-0.008902232352893441,2.1648642597241937e-17,2.148807353511919,0.4033167186248482
DXC4TCA,49.57964299566812,4.096910709973026,70.44812822367497,2.412376975608214,12.37310152928364,-0.003988817918953042,2.1157620240679726e-17,2.153497085189936,0.40360385555791556
DXC4TCB,49.60950499566812,3.9543182625797106,69.71110763977077,2.3626698194261646,12.307783337911852,-0.002860168827981286,2.1044828628282332e-17,2.154677892267017,0.4036716748598048
DXTCAVF,49.801004995668116,3.110458962590643,65.07744110944695,2.043906159629013,11.88890872644253,0.00437766858816938,2.0321514926115696e-17,2.1633726384686645,0.40412417974221626
DTCWIG,50.834454795668115,0.6636933363246625,42.84037441139275,0.3236646950617336,9.628408029585804,0.04343741600411413,1.641807680161766e-17,2.2911349835452164,0.4072394475473943
WIGE1,51.13782873967011,0.6205096957832975,37.19967117188736,-0.18132010220810232,8.964827648782906,0.05490358458365916,1.527220457928355e-17,2.3695020824301847,0.4084489490443509
DWE::0,51.38182899383696,0.8080955789653669,32.95484161724491,-0.5874530009786242,8.431116293296558,0.06412569512756988,-0.00030500015947008074,2.4254906827656297,0.40955808378457204
WIGE2_1,51.508354389228614,0.9833979799038133,30.856357524079918,-0.7980585826509268,8.154361164957812,0.06890757733190017,-0.0006213143072778388,2.448156471460405,0.4101895745891647
YCWIGE,51.75235464339546,1.4719360367338634,27.00743567100108,-1.2041696721860722,7.620649809424598,0.07812885641612613,-0.0009263173625647555,2.48065953846362,0.4115348187793777
WIGE2_2,51.75235464339546,1.4719360367338634,27.00743567100108,-1.2041696721860722,7.620649809424598,0.07812885641612613,-0.0009263173625647555,2.48065953846362,0.4115348187793777
DWE::1,51.99635489756231,2.1586688041973368,23.41862655304468,-1.610250657416685,7.086938453825556,0.08735013550035181,-0.0006213143111474085,2.5025139237619687,0.41307898620223915
WIGE3,52.122880292953965,2.5927889858000057,21.660287725111427,-1.8208406287149752,6.810183325485096,0.09213151128589399,-0.0003050001644980774,2.511029783289025,0.4139730886790628
DYAGW,52.366880547120815,3.580414618750179,18.46726923211045,-2.22686760539138,6.276471970027497,0.10135166860749063,-5.7113360507673145e-12,2.5237890426920844,0.4159148117051903
SYAG,52.63386215757581,4.888111058231172,15.271775473664569,-2.671209221894092,5.692493806304417,0.11144023371482585,-4.294076020395165e-12,2.533952922578229,0.4184451213445478
DYAGQ,52.63386215757581,4.888111058231172,15.271775473664569,-2.671209221894092,5.692493806304417,0.11144023371482585,-4.294076020395165e-12,2.533952922578229,0.4184451213445478
Q1ER,52.84699480311881,6.102357236713438,12.944623774428376,-3.0259291746604204,5.226301356713886,0.11949398156433015,-3.16267083042429e-12,2.5401653460418085,0.42085778765354775
DM11Q,53.44319480311881,7.995685664850755,10.404571074129272,0.16155467902049,-0.5640411971064939,0.12413666603524348,-3.105204749244705e-13,2.5531203660214254,0.429436878195927
M11E,53.62187780311881,7.942048840393486,10.610185091274898,0.1386239863101376,-0.5866783293488765,0.12010034080149751,4.914318933955508e-13,2.5566893585053236,0.43214364432080055
DTM11,53.62187780311881,7.942048840393486,10.610185091274898,0.1386239863101376,-0.5866783293488765,0.12010034080149751,4.914318933955508e-13,2.5566893585053236,0.43214364432080055
IM2452,54.53809480311881,7.795758039008176,11.791583764895254,0.021044303391219103,-0.7027527482455754,0.09940363324293269,4.603532054267409e-12,2.575263524578221,0.44519506501821426
D1ET2A,54.53809480311881,7.795758039008176,11.791583764895254,0.021044303391219103,-0.7027527482455754,0.09940363324293269,4.603532054267409e-12,2.575263524578221,0.44519506501821426
XC2460,56.99104280311881,8.464682781952378,16.00149624174872,-0.29374667740983007,-1.0135137510252883,0.043993236565762955,1.5612679303674818e-11,2.624084489778425,0.47376950970205645
D1ET2B,56.99104280311881,8.464682781952378,16.00149624174872,-0.29374667740983007,-1.0135137510252883,0.043993236565762955,1.5612679303674818e-11,2.624084489778425,0.47376950970205645
B1RE,58.406583506734385,9.553448881454475,19.124689526712903,-0.4754054188323779,-1.1928468834565822,0.012017152319370804,2.1965808698848978e-11,2.649241967793785,0.4866620970147847
CB1RE,59.46960610816634,10.709089255663775,21.7934923700233,-0.6118138684136893,-1.3170921997829432,1.0931864054510901e-05,2.6731187369481906e-11,2.6659980289520875,0.494952935546345
ENDBC20,59.46960610816634,10.709089255663775,21.7934923700233,-0.6118138684136893,-1.3170921997829432,1.0931864054510901e-05,2.6731187369481906e-11,2.6659980289520875,0.494952935546345
BEGFF20,59.46960610816634,10.709089255663775,21.7934923700233,-0.6118138684136893,-1.3170921997829432,1.0931864054510901e-05,2.6731187369481906e-11,2.6659980289520875,0.494952935546345
D11FF,59.46960610816634,10.709089255663775,21.7934923700233,-0.6118138684136893,-1.3170921997829432,1.0931864054510901e-05,2.6731187369481906e-11,2.6659980289520875,0.494952935546345
MFFF,59.853427108166336,11.197648926470265,22.823033764157245,-0.6610702906252703,-1.365255545999464,1.0376301557680853e-05,2.844933978677706e-11,2.671577565593823,0.497692113219535
Q5FF,59.853427108166336,11.197648926470265,22.823033764157245,-0.6610702906252703,-1.365255545999464,1.0376301557680853e-05,2.844933978677706e-11,2.671577565593823,0.497692113219535
D10FF,60.31432710816633,13.025271416187643,21.833876218244615,-3.4346240950302853,3.4399044706946613,1.0217411732818194e-05,2.907804112105489e-11,2.6777540484034597,0.5009242879432441
M1FF,60.45207510816633,13.990138073379992,20.897348636601453,-3.569954245071527,3.3589425662362493,1.0321036955143506e-05,2.8834102788667528e-11,2.6793781327465203,0.5019506425304057
D9FF,60.45207510816633,13.990138073379992,20.897348636601453,-3.569954245071527,3.3589425662362493,1.0321036955143506e-05,2.8834102788667528e-11,2.6793781327465203,0.5019506425304057
BL20_4,60.756494108166336,16.25470617818165,18.906764448257043,-3.869029868277703,3.180019155418488,1.0550045627175443e-05,2.829500629937525e-11,2.682591207470712,0.5043881988817234
D8FF,60.756494108166336,16.25470617818165,18.906764448257043,-3.869029868277703,3.180019155418488,1.0550045627175443e-05,2.829500629937525e-11,2.682591207470712,0.5043881988817234
XC1FF,61.025894108166334,18.41064191979874,17.236027155544893,-4.133701169647669,3.0216782934016453,1.0752710166003177e-05,2.7817925058666433e-11,2.685069834899673,0.5067634342588103
D8AFF,61.025894108166334,18.41064191979874,17.236027155544893,-4.133701169647669,3.0216782934016453,1.0752710166003177e-05,2.7817925058666433e-11,2.685069834899673,0.5067634342588103
YC1FF,61.413594108166336,21.763586727066105,14.98136383219191,-4.5145959860587155,2.793806161983942,1.1044369563566327e-05,2.7131346005129653e-11,2.688152620977748,0.5106037224381967
D8BFF,61.413594108166336,21.763586727066105,14.98136383219191,-4.5145959860587155,2.793806161983942,1.1044369563566327e-05,2.7131346005129653e-11,2.688152620977748,0.5106037224381967
M2FF,61.651471108166334,23.967016064955043,13.685457696275083,-4.7482976013370495,2.653993061635091,1.1223319944051573e-05,2.6710088936473043e-11,2.6898103296834006,0.5132478793530972
D7FF,61.651471108166334,23.967016064955043,13.685457696275083,-4.7482976013370495,2.653993061635091,1.1223319944051573e-05,2.6710088936473043e-11,2.6898103296834006,0.5132478793530972
Q4FF,61.857171108166334,25.962035489505556,12.61847427566525,-4.950387009992589,2.5330921139110214,1.1378064174329464e-05,2.6345814210363897e-11,2.691122780364,0.5157392541886945
D6FF,62.57137110816634,39.19871096088204,7.617227257976741,-14.645834319785934,4.058564752880943,1.2935362808347883e-05,2.285841331185829e-11,2.6947904912891074,0.5270094916264347
Q3FF,62.76707110816634,45.14164188439097,6.116551837415795,-15.72172277530285,3.6096796035878636,1.3653920002408738e-05,2.1321585599738958e-11,2.6955309280215216,0.5315732084378884
DKRK1,63.48127110816635,58.22949971398046,2.848046849003201,-1.286763364882064,1.2864195702295704,1.4759251898783395e-05,1.781790645954589e-11,2.6976703783045153,0.5599319096114574
KRK,64.17320710816635,60.03205173289471,1.5141088460872074,-1.3183215257931684,0.6414148001688378,1.4322341643276489e-05,1.6342960109795264e-11,2.699533035137058,0.6139972686535118
DKRK2,64.17320710816635,60.03205173289471,1.5141088460872074,-1.3183215257931684,0.6414148001688378,1.4322341643276489e-05,1.6342960109795264e-11,2.699533035137058,0.6139972686535118
YC2FF,64.40449410816635,60.64431276053982,1.2672724522282264,-1.3288701782157148,0.4258150651456036,1.4176299722830925e-05,1.5849943535437557e-11,2.700143113728798,0.6406963734880604
D4FF,64.40449410816635,60.64431276053982,1.2672724522282264,-1.3288701782157148,0.4258150651456036,1.4176299722830925e-05,1.5849943535437557e-11,2.700143113728798,0.6406963734880604
USTHZ,64.88849410816634,61.941343157102445,1.0734508288874682,-1.3509446907153888,-0.025357165681227676,1.3870686828480338e-05,1.481823824292596e-11,2.701399967228053,0.7088007702925605
DBMARK67,64.88849410816634,61.941343157102445,1.0734508288874682,-1.3509446907153888,-0.025357165681227676,1.3870686828480338e-05,1.481823824292596e-11,2.701399967228053,0.7088007702925605
D3AFF,64.88849410816634,61.941343157102445,1.0734508288874682,-1.3509446907153888,-0.025357165681227676,1.3870686828480338e-05,1.481823824292596e-11,2.701399967228053,0.7088007702925605
DSTHZ,65.70549410816633,64.17922995171881,1.7371003491444188,-1.3882068326828156,-0.7869433487091645,1.3354807211363755e-05,1.3076702656186343e-11,2.7034623381757408,0.8108790864303406
D3FF,65.70549410816633,64.17922995171881,1.7371003491444188,-1.3882068326828156,-0.7869433487091645,1.3354807211363755e-05,1.3076702656186343e-11,2.7034623381757408,0.8108790864303406
XC3FF,66.19614410816634,65.55245698861829,2.7337370306889754,-1.4105846416868764,-1.2443145368397117,1.3044995296873899e-05,1.2030822074015238e-11,2.704666276775392,0.8470234590953387
DXTC1,66.19614410816634,65.55245698861829,2.7337370306889754,-1.4105846416868764,-1.2443145368397117,1.3044995296873899e-05,1.2030822074015238e-11,2.704666276775392,0.8470234590953387
XTCAVF,66.94666910816633,67.69550577379086,5.126597602423411,-1.4448149588228643,-1.9439344511812564,1.2571090095360558e-05,1.043098609330808e-11,2.7064594410480933,0.8791486255914003
DXTC2,67.98011890816633,70.73050395220619,10.140094041790777,-1.4919490508226292,-2.907289516705105,1.19185372347324e-05,8.228061241644751e-12,2.7088365132257923,0.9020400250270051
Q2FF,69.16236990816633,74.32196825771105,18.317301806233857,-1.5458697418913332,-4.0093531965961215,1.1172026594321576e-05,5.707948403262258e-12,2.711431810386183,0.9158637243299033
D2AFF,69.87656990816633,57.81405590761408,31.07421309812061,22.5364634226554,-15.435108815885624,9.263467424429016e-06,4.905731593079353e-12,2.713088755315916,0.9208467272986907
M3FF,69.91154290816633,56.248486529829144,32.16325403614266,22.228623295238854,-15.704368438626382,9.102867229870315e-06,4.89995125036452e-12,2.713186362302941,0.9210227923054786
D2FF,69.91154290816633,56.248486529829144,32.16325403614266,22.228623295238854,-15.704368438626382,9.102867229870315e-06,4.89995125036452e-12,2.713186362302941,0.9210227923054786
Q1FF,70.74140990816632,25.416792553302333,63.53051887870445,14.923949317633868,-22.093573692536587,5.292018813725215e-06,4.762790707439073e-12,2.7166797574071073,0.9239448032172242
D1AFF,71.45560990816632,16.582326891543598,61.843801135583405,-0.5438588188309346,24.044739479032053,3.119690287953761e-06,3.5043963893481326e-12,2.72269463196472,0.9256098118012195
M4FF,71.48154290816632,16.610587225389665,60.60299463965375,-0.5458852850550848,23.801884356612028,3.074453767830163e-06,3.421165187370195e-12,2.722943321688083,0.9256772300977152
D1FF,71.48154290816632,16.610587225389665,60.60299463965375,-0.5458852850550848,23.801884356612028,3.074453767830163e-06,3.421165187370195e-12,2.722943321688083,0.9256772300977152
Q0FF,72.31950990816632,17.58032562724875,27.28840351167728,-0.6113660170356703,15.954563245711729,1.6127366098304008e-06,7.317347077554694e-13,2.7307508811626175,0.9289569871870442
D0FF,73.03370990816633,13.997760343932411,13.457280636961004,5.166756584973641,5.127283907058856,2.0902770183521402e-07,-1.5639990388208756e-12,2.7376766727217454,0.9351613009223754
M5FF,73.06154290816633,13.711680412657802,13.173436159861216,5.111687394281586,5.070843391463879,1.5064912520105364e-07,-1.6576199139174123e-12,2.7379964192409534,0.935494000521325
DMQ0FF,73.06154290816633,13.711680412657802,13.173436159861216,5.111687394281586,5.070843391463879,1.5064912520105364e-07,-1.6576199139174123e-12,2.7379964192409534,0.935494000521325
ENDFF20,73.23856278816633,11.963939986997453,11.441700053854992,4.76144338436512,4.711877656625359,-2.2064281711019575e-07,-2.2530554068604662e-12,2.740196170358603,0.9377888933471903
BEGEXPT20,73.23856278816633,11.963939986997453,11.441700053854992,4.76144338436512,4.711877656625359,-2.2064281711019575e-07,-2.2530554068604662e-12,2.740196170358603,0.9377888933471903
DEX20_1,73.23856278816633,11.963939986997453,11.441700053854992,4.76144338436512,4.711877656625359,-2.2064281711019575e-07,-2.2530554068604662e-12,2.740196170358603,0.9377888933471903
EXTHOLE1,73.31154492639511,11.279477922295333,10.764735244757055,4.61704402794523,4.563882488628515,-3.737198605303616e-07,-2.498542837155255e-12,2.7411960735616923,0.9388355226492495
DEX20_2,73.31154492639511,11.279477922295333,10.764735244757055,4.61704402794523,4.563882488628515,-3.737198605303616e-07,-2.498542837155255e-12,2.7411960735616923,0.9388355226492495
USOTR,73.57154492639512,9.012365514264841,8.528597472152654,4.102619079864367,4.036647406003808,-9.190592032128028e-07,-3.373095617132252e-12,2.7453007386501667,0.9431547523950479
DEX20_3,73.57154492639512,9.012365514264841,8.528597472152654,4.102619079864367,4.036647406003808,-9.190592032128028e-07,-3.373095617132252e-12,2.7453007386501667,0.9431547523950479
IQMON20,73.67154492639511,8.21162727321816,7.741546263360535,3.9047633306024987,3.8338646819173805,-1.1288051042445149e-06,-3.709462070969558e-12,2.747150841618538,0.9451134997806747
DEX20_4,73.67154492639511,8.21162727321816,7.741546263360535,3.9047633306024987,3.8338646819173805,-1.1288051042445149e-06,-3.709462070969558e-12,2.747150841618538,0.9451134997806747
BEWIN1,73.73154492639512,7.750178480519283,7.288782679597557,3.786049881045375,3.712195047465523,-1.2546526448635429e-06,-3.9112819432719425e-12,2.7483478715508283,0.9463847605428666
DEX20_5,73.73154492639512,7.750178480519283,7.288782679597557,3.786049881045375,3.712195047465523,-1.2546526448635429e-06,-3.9112819432719425e-12,2.7483478715508283,0.9463847605428666
LCUBE,73.85154492639512,6.870017736962101,6.427056580474276,3.5486229819311292,3.468855778561811,-1.5063477261015976e-06,-4.314921687876707e-12,2.7509653684419213,0.9491753122086783
DEX20_6,73.85154492639512,6.870017736962101,6.427056580474276,3.5486229819311292,3.468855778561811,-1.5063477261015976e-06,-4.314921687876707e-12,2.7509653684419213,0.9491753122086783
PIC_CENT,74.57154492639512,2.7856848471548146,2.4831299010093058,2.124061587245661,2.008820165139542,-3.0165182135299162e-06,-6.73676015550531e-12,2.7772794468701076,0.9780173901238383
DEX20_7,74.57154492639512,2.7856848471548146,2.4831299010093058,2.124061587245661,2.008820165139542,-3.0165182135299162e-06,-6.73676015550531e-12,2.7772794468701076,0.9780173901238383
FILG,74.97324492639513,1.3984795230017582,1.1964598443427812,1.329275042460726,1.1942419624843659,-3.859067497974299e-06,-8.087944200569768e-12,2.8098985966262418,1.0154530272805078
DEX20_8,74.97324492639513,1.3984795230017582,1.1964598443427812,1.329275042460726,1.1942419624843659,-3.859067497974299e-06,-8.087944200569768e-12,2.8098985966262418,1.0154530272805078
FILS,75.02524492639513,1.2655849380458841,1.0777419251037037,1.2263900528445535,1.0887949459594237,-3.968135366510788e-06,-8.262854756565165e-12,2.8161210323144714,1.0227437221737237
DEX20_9,75.02524492639513,1.2655849380458841,1.0777419251037037,1.2263900528445535,1.0887949459594237,-3.968135366510788e-06,-8.262854756565165e-12,2.8161210323144714,1.0227437221737237
IPOTR1P,75.49154492639514,0.552062588375272,0.5032537738200629,0.3037886940364501,0.14321910354441725,-4.946180503021655e-06,-9.831331530808526e-12,2.9103098253377158,1.131865278084999
DEX20_10,75.49154492639514,0.552062588375272,0.5032537738200629,0.3037886940364501,0.14321910354441725,-4.946180503021655e-06,-9.831331530808526e-12,2.9103098253377158,1.131865278084999
IPOTR1,75.58154492639514,0.5134069391389228,0.4938997358330682,0.1257185197007663,-0.039285348133366524,-5.1349518139501935e-06,-1.0134061339262105e-11,2.9373449389253463,1.1607545923171727
DEX20_10A,75.58154492639514,0.5134069391389228,0.4938997358330682,0.1257185197007663,-0.039285348133366524,-5.1349518139501935e-06,-1.0134061339262105e-11,2.9373449389253463,1.1607545923171727
PENT,75.62154492639515,0.5065151495510513,0.5002870872691203,0.046576219996017944,-0.12039843776793704,-5.218850174362878e-06,-1.0268607920797026e-11,2.9498417553917307,1.1735755626736049
MIP,75.62154492639515,0.5065151495510513,0.5002870872691203,0.046576219996017944,-0.12039843776793704,-5.218850174362878e-06,-1.0268607920797026e-11,2.9498417553917307,1.1735755626736049
DEX20_11,75.62154492639515,0.5065151495510513,0.5002870872691203,0.046576219996017944,-0.12039843776793704,-5.218850174362878e-06,-1.0268607920797026e-11,2.9498417553917307,1.1735755626736049
IPWS1,75.66154492639515,0.5059547439395596,0.5131634858759382,-0.032566079708730315,-0.20151152740250758,-5.302748534775563e-06,-1.0403154502331948e-11,2.962430459103188,1.1861530747400633
DEX20_12,75.66154492639515,0.5059547439395596,0.5131634858759382,-0.032566079708730315,-0.20151152740250758,-5.302748534775563e-06,-1.0403154502331948e-11,2.962430459103188,1.1861530747400633
PEXT,76.79154492639515,3.1059741464061172,3.557912141665184,-2.2683360463678697,-2.4929563095791267,-7.6728772164339e-06,-1.4204095430693505e-11,3.1411648777730417,1.3437908753713914
DEX20_12A,76.79154492639515,3.1059741464061172,3.557912141665184,-2.2683360463678697,-2.4929563095791267,-7.6728772164339e-06,-1.4204095430693505e-11,3.1411648777730417,1.3437908753713914
IPOTR2,76.84154492639514,3.337754144774452,3.8122773407252586,-2.3672639209988056,-2.5943476716223404,-7.777750166949752e-06,-1.4372278657612157e-11,3.1436364966439854,1.34595167066077
DEX20_13,76.84154492639514,3.337754144774452,3.8122773407252586,-2.3672639209988056,-2.5943476716223404,-7.777750166949752e-06,-1.4372278657612157e-11,3.1436364966439854,1.34595167066077
IM3255,77.74154492639515,9.201460771593451,10.124643214745523,-4.147965664355641,-4.419392188400178,-9.665463276235164e-06,-1.7399576742147913e-11,3.1695982977328927,1.3690888996497093
DEX20_14,77.74154492639515,9.201460771593451,10.124643214745523,-4.147965664355641,-4.419392188400178,-9.665463276235164e-06,-1.7399576742147913e-11,3.1695982977328927,1.3690888996497093
BEWIN2,77.85154492639515,10.137953763412389,11.121446205808018,-4.365606988543702,-4.642453184895246,-9.896183767370044e-06,-1.7769579841368947e-11,3.17141096738375,1.3707387710660806
DEX20_15,77.85154492639515,10.137953763412389,11.121446205808018,-4.365606988543702,-4.642453184895246,-9.896183767370044e-06,-1.7769579841368947e-11,3.17141096738375,1.3707387710660806
IPWS3,77.90154492639515,10.579460855998306,11.590761092399704,-4.464534863174638,-4.74384454693846,-1.0001056717885903e-05,-1.7937763068287604e-11,3.172179363041661,1.3714396692422106
DEX20_16,77.90154492639515,10.579460855998306,11.590761092399704,-4.464534863174638,-4.74384454693846,-1.0001056717885903e-05,-1.7937763068287604e-11,3.172179363041661,1.3714396692422106
DSOTR,78.03154492639514,11.773677542048963,12.858430954974313,-4.721747337215069,-5.007462088250815,-1.0273726389227114e-05,-1.8375039458276097e-11,3.1740332594735685,1.373134482006622
ENDEXPT20,78.03154492639514,11.773677542048963,12.858430954974313,-4.721747337215069,-5.007462088250815,-1.0273726389227114e-05,-1.8375039458276097e-11,3.1740332594735685,1.373134482006622
BEGSPECT20,78.03154492639514,11.773677542048963,12.858430954974313,-4.721747337215069,-5.007462088250815,-1.0273726389227114e-05,-1.8375039458276097e-11,3.1740332594735685,1.373134482006622
DMQ0D,78.03154492639514,11.773677542048963,12.858430954974313,-4.721747337215069,-5.007462088250815,-1.0273726389227114e-05,-1.8375039458276097e-11,3.1740332594735685,1.373134482006622
Q0D,78.23398392639514,13.766493510726987,14.968945691210376,-5.12228453746331,-5.417973407064135,-1.0698333893816687e-05,-1.90559763437598e-11,3.176564100595283,1.3754568986363667
DM1QEX::0,79.23398392639514,33.661675653176765,20.988686372032422,-16.907734059899273,0.07314864259844014,-1.4720806180586836e-05,-1.9189408165333754e-11,3.184372574262806,1.3839558379698635
M0EX,79.52057892639515,44.05300492343093,20.950692620448944,-19.35015344774784,0.05942084250590737,-1.64881771255991e-05,-1.829977266137167e-11,3.1855570798563626,1.3861310942973162
D1D,79.52057892639515,44.05300492343093,20.950692620448944,-19.35015344774784,0.05942084250590737,-1.64881771255991e-05,-1.829977266137167e-11,3.1855570798563626,1.3861310942973162
WDSOTR,80.10154492639515,69.41299247449597,20.897816803347173,-24.30126083650483,0.03159277464513354,-2.0070871968286522e-05,-1.649636373869389e-11,3.187229212346908,1.3905506337277822
DMQ1D,80.10154492639515,69.41299247449597,20.897816803347173,-24.30126083650483,0.03159277464513354,-2.0070871968286522e-05,-1.649636373869389e-11,3.187229212346908,1.3905506337277822
Q1D,80.45810892639516,87.82639627400754,20.881376971351763,-27.339969908919986,0.014513483965973212,-2.226972698542693e-05,-1.5389533564284923e-11,3.187956031258396,1.3932673775607152
DM1QEX::1,81.45810892639516,92.24596872926271,34.42258617016832,23.749762295884395,-15.919342393769991,-2.2123663277821686e-05,-1.6361965593931554e-11,3.189568731523299,1.3997567954990426
M1EX,81.74470392639516,79.1359694871491,44.15448573652101,21.994229197733944,-18.037633709625695,-2.0276388210431002e-05,-1.7833953733626924e-11,3.1901025933815177,1.400926789107543
D2D,81.74470392639516,79.1359694871491,44.15448573652101,21.994229197733944,-18.037633709625695,-2.0276388210431002e-05,-1.7833953733626924e-11,3.1901025933815177,1.400926789107543
DMQ2D,82.49936092639516,49.42827862782677,75.58830091737006,17.371589789332162,-23.61548178635324,-1.5412175434451502e-05,-2.1709967458702684e-11,3.1920230547212243,1.4030058508223247
Q2D,82.68254292639516,43.269498074872516,84.48818098282112,16.249511372104397,-24.96942320131539,-1.4231458599214452e-05,-2.2650813361128323e-11,3.192653468057348,1.4033706703163826
DM1QEX::2,83.68254292639516,25.849815562676937,105.91812629399362,3.0393761060860895,5.942141384142505,-9.831940576867053e-06,-2.3885976176737466e-11,3.197678327730759,1.4049624049072422
M2EX,83.96913792639516,24.1402057708903,102.54030697354084,2.925870293141568,5.8438957778903085,-9.088713286994118e-06,-2.3102458826338604e-11,3.199504320529874,1.4054000850435593
D3D,83.96913792639516,24.1402057708903,102.54030697354084,2.925870293141568,5.8438957778903085,-9.088713286994118e-06,-2.3102458826338604e-11,3.199504320529874,1.4054000850435593
XC1EX,84.02544292639516,23.811979094376863,101.88331264202426,2.9035707247686324,5.82459425881276,-8.942697436904971e-06,-2.294852751415867e-11,3.1998780860743437,1.405487758530818
D4D,84.02544292639516,23.811979094376863,101.88331264202426,2.9035707247686324,5.82459425881276,-8.942697436904971e-06,-2.294852751415867e-11,3.1998780860743437,1.405487758530818
B5D36,87.20259565982053,9.35964625971412,68.33241696167755,1.6452609013022055,4.7354569868743175,-7.033819723081435e-07,-1.4262561982638772e-11,3.2340103384030745,1.4115495125616906
DM3BEX,88.18049565982056,6.520303532607868,59.39868029734388,1.2581971402102978,4.400232011532932,1.8326203842627637e-06,0.0029336911956212687,3.2539855661780837,1.4139925337733577
M3EX,88.53800009488108,5.671313938498235,56.29628882277715,1.1165694664358499,4.2776784430365655,2.7597297991103826e-06,0.0050787242486458745,3.263347731534626,1.4149764906177031
D5D,88.53800009488108,5.671313938498235,56.29628882277715,1.1165694664358499,4.2776784430365655,2.7597297991103826e-06,0.0050787242486458745,3.263347731534626,1.4149764906177031
BEGPDC,89.76155902884051,3.532021208286577,46.34151452906593,0.6318487509759733,3.8582388531558163,5.932761784301425e-06,0.012420099902411361,3.30741903880734,1.4187894446965639
D6D,89.76155902884051,3.532021208286577,46.34151452906593,0.6318487509759733,3.8582388531558163,5.932761784301425e-06,0.012420099902411361,3.30741903880734,1.4187894446965639
ENDPDC,91.12155902884051,2.5461235027153997,36.48115315127449,0.09307603253224517,3.3920268658084756,9.459623776878642e-06,0.020580124411252967,3.3823333443101053,1.4240546931790845
D7D,91.12155902884051,2.5461235027153997,36.48115315127449,0.09307603253224517,3.3920268658084756,9.459623776878642e-06,0.020580124411252967,3.3823333443101053,1.4240546931790845
BEGEDC,92.2515600288405,2.8416244990755186,29.252891488937273,-0.3545811076252043,3.0046592099890033,1.2390033761050885e-05,0.02736015077523497,3.4513363679636164,1.4295610826436376
D8D,92.2515600288405,2.8416244990755186,29.252891488937273,-0.3545811076252043,3.0046592099890033,1.2390033761050885e-05,0.02736015077523497,3.4513363679636164,1.4295610826436376
ENDEDC,92.7515600288405,3.295244709355821,26.333933011916535,-0.5526593129353986,2.833257744052481,1.3686674199498395e-05,0.030360159785838503,3.4774588629162966,1.432428370964605
D9D,92.7515600288405,3.295244709355821,26.333933011916535,-0.5526593129353986,2.833257744052481,1.3686674199498395e-05,0.030360159785838503,3.4774588629162966,1.432428370964605
DTOTR,97.0115590288405,15.193185652369127,8.41563026488352,-2.240285226021842,1.3729175970762413,2.4734048141790278e-05,0.05592023055616258,3.5802858709761676,1.4786177474718405
D10D,97.0115590288405,15.193185652369127,8.41563026488352,-2.240285226021842,1.3729175970762413,2.4734048141790278e-05,0.05592023055616258,3.5802858709761676,1.4786177474718405
BFLYMID,97.06155902884049,15.418204565997861,8.279195512505575,-2.260093046552862,1.3557774504825888,2.486371218563502e-05,0.056220231457222936,3.580805806611785,1.479571103990638
D11D,97.06155902884049,15.418204565997861,8.279195512505575,-2.260093046552862,1.3557774504825888,2.486371218563502e-05,0.056220231457222936,3.580805806611785,1.479571103990638
EXTWIN,97.2915590288405,16.478804041534005,7.673672160379667,-2.3512090209955514,1.2769327761517884,2.5460166787320873e-05,0.057600235602100563,3.5831023956783605,1.4841642744786918
D12D,97.2915590288405,16.478804041534005,7.673672160379667,-2.3512090209955514,1.2769327761517884,2.5460166787320873e-05,0.057600235602100563,3.5831023956783605,1.4841642744786918
PGAM1,97.3815590288405,16.905230532239223,7.4466009644205196,-2.386863097951386,1.2460805122832144,2.5693562066241416e-05,0.058140237224009204,3.5839606012945806,1.4860592004153137
D13D,97.3815590288405,16.905230532239223,7.4466009644205196,-2.386863097951386,1.2460805122832144,2.5693562066241416e-05,0.058140237224009204,3.5839606012945806,1.4860592004153137
CNEAR,97.9717270288405,19.860511565587693,6.09520494438769,-2.6206619344943998,1.0437691915855631,2.7224033454796793e-05,0.06168125585954892,3.5890876228342705,1.5000190134632478
D14D,97.9717270288405,19.860511565587693,6.09520494438769,-2.6206619344943998,1.0437691915855631,2.7224033454796793e-05,0.06168125585954892,3.5890876228342705,1.5000190134632478
PDUMP,99.2817270288405,27.406489850228663,3.9488137738208473,-3.139626832407109,0.5946973508318742,3.0621231403529256e-05,0.06954127946733019,3.5980288674543672,1.5430385049194228
LAIRG,99.2817270288405,27.406489850228663,3.9488137738208473,-3.139626832407109,0.5946973508318742,3.0621231403529256e-05,0.06954127946733019,3.5980288674543672,1.5430385049194228
MAINDUMP,100.95701997230351,39.03793434094265,2.9183421415767983,-3.8033048716270734,0.02040201806653431,3.496573655700899e-05,0.07959306731890922,3.6061839963385482,1.62518030997657
DBMARK30,100.95701997230351,39.03793434094265,2.9183421415767983,-3.8033048716270734,0.02040201806653431,3.496573655700899e-05,0.07959306731890922,3.6061839963385482,1.62518030997657
ENDSPECT20,100.95701997230351,39.03793434094265,2.9183421415767983,-3.8033048716270734,0.02040201806653431,3.496573655700899e-05,0.07959306731890922,3.6061839963385482,1.62518030997657
END,100.95701997230351,39.03793434094265,2.9183421415767983,-3.8033048716270734,0.02040201806653431,3.496573655700899e-05,0.07959306731890922,3.6061839963385482,1.62518030997657
_end_point,100.95701997230351,39.03793434094265,2.9183421415767983,-3.8033048716270734,0.02040201806653431,3.496573655700899e-05,0.07959306731890922,3.6061839963385482,1.62518030997657
